{"nctx": 122, "ntrg": 35, "loss": -0.44470900297164917, "_timestamp": 1714664442.2221131, "_runtime": 21.54057502746582, "_step": 99, "_wandb": {"runtime": 21}}