{"nctx": 118, "ntrg": 35, "loss": 0.009691672399640083, "_timestamp": 1714542175.637585, "_runtime": 28.13555383682251, "_step": 41}