{"nctx": 118, "ntrg": 35, "loss": 0.009691672399640083, "_timestamp": 1714542311.529098, "_runtime": 15.85562014579773, "_step": 41}