{"nctx": 12, "ntrg": 30, "loss": -0.6855547428131104, "_timestamp": 1714577312.379479, "_runtime": 34412.33141088486, "_step": 377697, "_wandb": {"runtime": 34412}}