{"nctx": 122, "ntrg": 35, "loss": -0.16919925808906555, "_timestamp": 1714542383.442527, "_runtime": 46.023772954940796, "_step": 99, "_wandb": {"runtime": 45}}